{
  "accuracy": 0.8,
  "f1_score": 0.826087,
  "feature_importances": [
    0.6464402520438994,
    0.21070142441937303,
    0.14285832353672753
  ]
}